{"stat.cakeSlicesEaten":4,"stat.pickup.minecraft.bone":1,"stat.horseOneCm":36019,"stat.useItem.minecraft.iron_axe":24,"stat.leaveGame":9,"stat.mineBlock.iceandfire.chared_stone":1,"stat.craftItem.minecraft.iron_axe":1,"stat.swimOneCm":44314,"stat.craftItem.minecraft.shield":1,"stat.pickup.minecraft.porkchop":6,"stat.useItem.minecraft.cookie":1,"stat.useItem.minecraft.dirt":11,"stat.useItem.minecraft.stone_slab2":24,"stat.useItem.betteranimalsplus.fried_egg":9,"stat.pickup.minecraft.iron_boots":2,"stat.pickup.minecraft.rotten_flesh":1,"stat.pickup.minecraft.sand":3,"stat.craftItem.minecraft.furnace":1,"stat.pickup.minecraft.brick_block":1,"stat.useItem.minecraft.egg":1,"stat.pickup.minecraft.cobblestone":43,"stat.useItem.minecraft.stone_shovel":21,"stat.flyOneCm":364176,"stat.entityKilledBy.firedragon":3,"stat.pickup.iceandfire.ash":24,"stat.drop.minecraft.wheat_seeds":2,"stat.pickup.betteranimalsplus.eel_meat_raw":2,"stat.timeSinceDeath":14587,"stat.useItem.minecraft.iron_pickaxe":50,"stat.pickup.minecraft.mutton":4,"stat.useItem.iceandfire.ash":18,"stat.pickup.iceandfire.armor_green_leggings":1,"stat.useItem.minecraft.oak_stairs":5,"stat.pickup.minecraft.stonebrick":1,"stat.furnaceInteraction":32,"stat.useItem.minecraft.cooked_porkchop":5,"stat.pickup.minecraft.carpet":1,"stat.pickup.minecraft.shield":1,"stat.killEntity.Creeper":1,"stat.talkedToVillager":6,"stat.pickup.minecraft.furnace":2,"stat.useItem.minecraft.cooked_mutton":4,"stat.craftItem.minecraft.stone_slab2":0,"stat.sprintOneCm":364496,"stat.drop.rustic.tomato_seeds":1,"stat.useItem.rustic.wildberries":15,"stat.craftItem.minecraft.stick":4,"stat.mineBlock.iceandfire.ash":3,"stat.pickup.minecraft.fireworks":260,"stat.mineBlock.minecraft.crafting_table":2,"stat.useItem.iceandfire.chared_dirt":9,"stat.pickup.minecraft.leather_leggings":1,"stat.deaths":8,"stat.drop":8,"stat.pickup.minecraft.egg":3,"stat.playOneMinute":86261,"stat.useItem.minecraft.wooden_sword":7,"stat.killEntity.Sheep":2,"stat.drop.tombstone.grave_key":1,"stat.pickup.tombstone.grave_key":1,"stat.killEntity.Zombie":2,"stat.pickup.minecraft.iron_bars":4,"stat.drop.minecraft.glass_bottle":1,"stat.pickup.iceandfire.chared_dirt":11,"stat.mineBlock.minecraft.tallgrass":92,"stat.craftItem.minecraft.cooked_mutton":4,"stat.diveOneCm":78020,"stat.pickup.minecraft.wheat":2,"stat.chestOpened":6,"stat.pickup.minecraft.gravel":1,"stat.pickup.minecraft.iron_sword":1,"stat.pickup.minecraft.arrow":1,"stat.craftItem.minecraft.cooked_porkchop":6,"stat.pickup.minecraft.wooden_pressure_plate":1,"stat.pickup.rustic.chamomile":1,"stat.useItem.minecraft.apple":3,"stat.useItem.minecraft.potion":1,"stat.drop.minecraft.cooked_porkchop":1,"stat.jump":1606,"stat.pickup.minecraft.fence":1,"stat.pickup.minecraft.iron_helmet":1,"stat.pickup.minecraft.cooked_chicken":1,"stat.fallOneCm":39870,"stat.pickup.minecraft.iron_ingot":8,"stat.crouchOneCm":993,"stat.pickup.iceandfire.chared_stone":2,"stat.pickup.minecraft.dirt":34,"stat.useItem.minecraft.cooked_chicken":1,"stat.craftingTableInteraction":11,"stat.pickup.minecraft.iron_ore":2,"stat.mineBlock.minecraft.iron_bars":4,"stat.pickup.rustic.tomato_seeds":2,"stat.pickup.minecraft.wooden_pickaxe":1,"stat.damageTaken":3800,"stat.mineBlock.minecraft.furnace":2,"stat.useItem.minecraft.wooden_pickaxe":4,"stat.pickup.minecraft.planks":55,"stat.pickup.minecraft.iron_leggings":1,"stat.pickup.minecraft.wheat_seeds":8,"stat.pickup.minecraft.oak_stairs":6,"stat.mineBlock.minecraft.gravel":1,"stat.pickup.iceandfire.armor_green_chestplate":1,"stat.damageDealt":1877,"stat.pickup.iceandfire.armor_green_helmet":1,"stat.mineBlock.minecraft.dirt":34,"stat.killEntity.Pig":3,"stat.mineBlock.iceandfire.chared_dirt":11,"stat.walkOneCm":172174,"stat.useItem.minecraft.bread":4,"stat.pickup.minecraft.stick":3,"stat.pickup.minecraft.crafting_table":2,"stat.useItem.minecraft.cobblestone":35,"stat.craftItem.minecraft.crafting_table":1,"stat.mineBlock.minecraft.double_plant":5,"stat.pickup.minecraft.log":14,"stat.drop.iceandfire.chared_dirt":2,"stat.pickup.minecraft.iron_pickaxe":1,"stat.useItem.betteranimalsplus.eel_meat_raw":2,"stat.pickup.minecraft.sapling":4,"stat.useItem.minecraft.fireworks":45,"stat.killEntity.Skeleton":1,"stat.pickup.minecraft.beetroot":1,"stat.craftItem.minecraft.planks":52,"stat.useItem.minecraft.iron_sword":15,"stat.killEntity.betteranimalsplus.lamprey":1,"stat.mobKills":10,"stat.mineBlock.minecraft.log":9,"stat.pickup.iceandfire.dragonbone":6,"stat.drop.minecraft.leather_leggings":2,"stat.mineBlock.minecraft.leaves":11,"stat.pickup.minecraft.beetroot_seeds":2,"stat.pickup.minecraft.torch":1,"stat.sneakTime":163,"stat.pickup.minecraft.wool":2,"stat.mineBlock.minecraft.stone":42}