{"stat.useItem.minecraft.bow":33,"stat.useItem.iceandfire.fire_dragon_flesh":13,"stat.pickup.iceandfire.fire_dragon_flesh":14,"stat.mineBlock.iceandfire.chared_grass":2,"stat.leaveGame":20,"stat.killEntity.betteranimalsplus.goat":3,"stat.craftItem.minecraft.iron_axe":1,"stat.drop.minecraft.shield":1,"stat.useItem.minecraft.mutton":34,"stat.craftItem.minecraft.shield":2,"stat.useItem.minecraft.planks":5,"stat.mineBlock.minecraft.web":2,"stat.craftItem.iceandfire.armor_bronze_helmet":1,"stat.craftItem.iceandfire.armor_green_chestplate":4,"stat.pickup.minecraft.porkchop":2,"stat.drop.mowziesmobs.barakoa_mask_misery":1,"stat.drop.minecraft.iron_sword":4,"stat.useItem.minecraft.water_bucket":17,"stat.mineBlock.minecraft.stone_brick_stairs":2,"stat.pickup.minecraft.rotten_flesh":90,"stat.pickup.minecraft.brick_block":3,"stat.pickup.iceandfire.chared_cobblestone":1,"stat.killEntity.Enderman":2,"stat.pickup.minecraft.leather_boots":1,"stat.mineBlock.minecraft.emerald_block":5,"stat.entityKilledBy.firedragon":51,"stat.pickup.minecraft.chainmail_chestplate":2,"stat.pickup.mowziesmobs.barakoa_mask_misery":4,"stat.pickup.iceandfire.ash":12,"stat.craftItem.minecraft.wooden_hoe":1,"stat.hopperInspected":3,"stat.useItem.minecraft.iron_pickaxe":286,"stat.craftItem.minecraft.wooden_pickaxe":1,"stat.pickup.minecraft.double_plant":5,"stat.mineBlock.minecraft.vine":1,"stat.pickup.minecraft.record_far":3,"stat.pickup.rustic.wildberries":1,"stat.furnaceInteraction":11,"stat.useItem.minecraft.golden_carrot":22,"stat.killEntity.ZombieVillager":4,"stat.pickup.iceandfire.dragon_skull":4,"stat.drop.iceandfire.dragonbone":3,"stat.pickup.minecraft.beef":14,"stat.useItem.minecraft.cooked_mutton":5,"stat.pickup.minecraft.leather_helmet":1,"stat.pickup.minecraft.iron_chestplate":1,"stat.mineBlock.iceandfire.ash":1,"stat.useItem.rustic.table_oak":1,"stat.useItem.minecraft.wheat_seeds":3,"stat.killEntity.Husk":2,"stat.pickup.rustic.olives":1,"stat.pickup.minecraft.golden_carrot":22,"stat.killEntity.betteranimalsplus.zotzpyre":1,"stat.pickup.minecraft.saddle":1,"stat.pickup.minecraft.emerald":4,"stat.useItem.minecraft.dye":9,"stat.useItem.minecraft.beef":2,"stat.deaths":71,"stat.craftItem.iceandfire.dragon_bone_block":1,"stat.pickup.minecraft.egg":7,"stat.playOneMinute":546432,"stat.drop.minecraft.string":1,"stat.craftItem.minecraft.iron_pickaxe":1,"stat.pickup.minecraft.iron_bars":22,"stat.mineBlock.minecraft.tallgrass":123,"stat.pickup.minecraft.cooked_mutton":5,"stat.chestOpened":92,"stat.recordPlayed":5,"stat.pickup.minecraft.iron_sword":5,"stat.pickup.minecraft.arrow":37,"stat.craftItem.iceandfire.armor_red_helmet":2,"stat.pickup.rustic.chamomile":12,"stat.craftItem.iceandfire.armor_red_leggings":2,"stat.pickup.minecraft.gold_nugget":110,"stat.mineBlock.rustic.slate":1,"stat.drop.minecraft.iron_pickaxe":1,"stat.useItem.minecraft.experience_bottle":3,"stat.fallOneCm":359276,"stat.drop.minecraft.stone":1,"stat.drop.minecraft.dye":5,"stat.pickup.minecraft.carrot":1,"stat.crouchOneCm":5617,"stat.mineBlock.minecraft.chest":5,"stat.craftItem.minecraft.iron_ingot":5,"stat.craftItem.minecraft.chest":6,"stat.pickup.minecraft.red_mushroom":1,"stat.craftingTableInteraction":39,"stat.dropperInspected":7,"stat.drop.minecraft.double_plant":2,"stat.pickup.minecraft.feather":8,"stat.drop.minecraft.iron_leggings":1,"stat.drop.minecraft.bone":7,"stat.pickup.iceandfire.dragonscales_red":121,"stat.craftItem.minecraft.wooden_sword":2,"stat.pickup.minecraft.dye":5,"stat.pickup.minecraft.planks":64,"stat.pickup.minecraft.iron_leggings":2,"stat.pickup.minecraft.wheat_seeds":24,"stat.mineBlock.minecraft.gravel":5,"stat.drop.iceandfire.fire_dragon_heart":2,"stat.pickup.iceandfire.cyclops_eye":2,"stat.mineBlock.rustic.aloe_vera":1,"stat.mineBlock.minecraft.dirt":114,"stat.drop.minecraft.iron_axe":1,"stat.useItem.minecraft.iron_bars":1,"stat.useItem.minecraft.torch":17,"stat.useItem.minecraft.bread":15,"stat.drop.iceandfire.cyclops_eye":1,"stat.pickup.minecraft.crafting_table":3,"stat.useItem.minecraft.cobblestone":23,"stat.craftItem.minecraft.crafting_table":7,"stat.mineBlock.minecraft.double_plant":1,"stat.craftItem.minecraft.boat":1,"stat.pickup.minecraft.log":89,"stat.drop.minecraft.stonebrick":2,"stat.pickup.minecraft.iron_pickaxe":2,"stat.pickup.minecraft.tallgrass":1,"stat.drop.minecraft.sapling":6,"stat.pickup.minecraft.chicken":6,"stat.drop.minecraft.gold_nugget":10,"stat.pickup.minecraft.sapling":45,"stat.pickup.minecraft.apple":4,"stat.drop.minecraft.bow":1,"stat.mineBlock.iceandfire.goldpile":12,"stat.craftItem.minecraft.bucket":1,"stat.craftItem.minecraft.planks":112,"stat.useItem.minecraft.iron_sword":937,"stat.pickup.iceandfire.dragonegg_red":1,"stat.drop.iceandfire.dragonscales_red":9,"stat.pickup.iceandfire.dragonscales_green":86,"stat.killEntity.WitherSkeleton":1,"stat.useItem.minecraft.stonebrick":4,"stat.mineBlock.minecraft.log":62,"stat.pickup.iceandfire.dragonbone":52,"stat.drop.minecraft.leather_leggings":1,"stat.pickup.minecraft.red_flower":2,"stat.sneakTime":1851,"stat.pickup.minecraft.wool":28,"stat.pickup.rustic.chili_pepper_seeds":10,"stat.useItem.minecraft.wooden_axe":36,"stat.pickup.minecraft.yellow_flower":1,"stat.pickup.minecraft.chest":8,"stat.cakeSlicesEaten":7,"stat.pickup.minecraft.bone":78,"stat.horseOneCm":48578,"stat.useItem.minecraft.iron_axe":159,"stat.mineBlock.minecraft.cobblestone":6,"stat.mineBlock.iceandfire.chared_stone":11,"stat.mineBlock.minecraft.yellow_flower":1,"stat.pickup.minecraft.flower_pot":2,"stat.swimOneCm":224948,"stat.pickup.minecraft.enchanted_book":7,"stat.climbOneCm":4677,"stat.pickup.minecraft.cooked_porkchop":3,"stat.killEntity.betteranimalsplus.boar":2,"stat.useItem.minecraft.dirt":103,"stat.useItem.minecraft.stone_slab2":53,"stat.pickup.minecraft.bow":5,"stat.pickup.minecraft.iron_boots":3,"stat.craftItem.minecraft.furnace":1,"stat.pickup.minecraft.golden_axe":1,"stat.useItem.minecraft.egg":2,"stat.pickup.minecraft.anvil":3,"stat.pickup.minecraft.cobblestone":154,"stat.flyOneCm":2539212,"stat.useItem.rustic.chair_oak":3,"stat.drop.minecraft.wheat_seeds":3,"stat.pickup.rustic.slate":2,"stat.useItem.minecraft.cooked_beef":3,"stat.mineBlock.minecraft.iron_ore":27,"stat.timeSinceDeath":1394,"stat.drop.minecraft.log":47,"stat.pickup.minecraft.mutton":34,"stat.drop.iceandfire.dragonscales_green":34,"stat.killEntity.Bat":1,"stat.useItem.minecraft.potato":41,"stat.drop.minecraft.iron_bars":2,"stat.pickup.minecraft.stonebrick":34,"stat.useItem.minecraft.cooked_porkchop":3,"stat.pickup.rustic.sapling":2,"stat.pickup.minecraft.carpet":6,"stat.mineBlock.minecraft.coal_ore":32,"stat.drop.minecraft.wool":8,"stat.killEntity.Creeper":12,"stat.pickup.minecraft.shield":1,"stat.talkedToVillager":1,"stat.pickup.minecraft.string":45,"stat.craftItem.iceandfire.armor_red_chestplate":1,"stat.drop.minecraft.log2":1,"stat.pickup.tombstone.crafting_ingredient":30,"stat.useItem.minecraft.golden_axe":7,"stat.craftItem.rustic.chair_oak":4,"stat.drop.minecraft.anvil":3,"stat.sprintOneCm":1619597,"stat.useItem.minecraft.diamond_shovel":77,"stat.craftItem.minecraft.wooden_axe":1,"stat.craftItem.minecraft.stick":24,"stat.drop.minecraft.potion":1,"stat.pickup.minecraft.grass":1,"stat.mineBlock.minecraft.crafting_table":3,"stat.mineBlock.minecraft.quartz_block":21,"stat.useItem.minecraft.diamond_pickaxe":41,"stat.useItem.minecraft.carrot":1,"stat.drop.iceandfire.fire_dragon_flesh":3,"stat.pickup.minecraft.leather_leggings":2,"stat.mineBlock.minecraft.planks":5,"stat.drop":169,"stat.killEntity.cyclops":1,"stat.useItem.minecraft.wooden_sword":112,"stat.killEntity.Sheep":16,"stat.drop.tombstone.grave_key":1,"stat.killEntity.Zombie":100,"stat.craftItem.minecraft.dye":180,"stat.pickup.iceandfire.chared_dirt":23,"stat.diveOneCm":154782,"stat.pickup.minecraft.wheat":5,"stat.pickup.rustic.wildberry_bush":1,"stat.pickup.iceandfire.troll_leather_mountain":5,"stat.drop.minecraft.wooden_pickaxe":1,"stat.craftItem.iceandfire.armor_green_helmet":1,"stat.pickup.minecraft.gravel":11,"stat.useItem.minecraft.chicken":2,"stat.mineBlock.minecraft.anvil":1,"stat.useItem.minecraft.apple":3,"stat.useItem.minecraft.porkchop":2,"stat.useItem.minecraft.rotten_flesh":82,"stat.pickup.minecraft.stone_brick_stairs":5,"stat.jump":12491,"stat.pickup.minecraft.fence":1,"stat.useItem.minecraft.wooden_hoe":33,"stat.pickup.minecraft.iron_helmet":2,"stat.pickup.minecraft.coal":35,"stat.pickup.minecraft.iron_ingot":11,"stat.pickup.iceandfire.chared_gravel":1,"stat.pickup.minecraft.gunpowder":10,"stat.pickup.iceandfire.chared_stone":102,"stat.pickup.minecraft.spider_eye":7,"stat.craftItem.minecraft.torch":12,"stat.pickup.minecraft.dirt":208,"stat.drop.rustic.sapling":2,"stat.pickup.minecraft.iron_ore":27,"stat.pickup.iceandfire.fire_dragon_heart":5,"stat.boatOneCm":10847,"stat.mineBlock.minecraft.iron_bars":18,"stat.pickup.rustic.tomato_seeds":7,"stat.pickup.minecraft.iron_axe":1,"stat.damageTaken":23613,"stat.pickup.minecraft.leather":7,"stat.craftItem.iceandfire.armor_green_leggings":1,"stat.mineBlock.minecraft.torch":7,"stat.mineBlock.minecraft.red_flower":1,"stat.pickup.minecraft.log2":3,"stat.pickup.minecraft.reeds":3,"stat.killEntity.CaveSpider":3,"stat.pickup.minecraft.bed":4,"stat.pickup.minecraft.quartz_block":7,"stat.pickup.minecraft.potato":1,"stat.pickup.minecraft.oak_stairs":1,"stat.pickup.minecraft.emerald_block":5,"stat.entityKilledBy.Zombie":1,"stat.damageDealt":57905,"stat.pickup.iceandfire.chared_grass":14,"stat.sleepInBed":9,"stat.killEntity.Cow":9,"stat.drop.iceandfire.armor_green_chestplate":2,"stat.killEntity.Pig":2,"stat.mineBlock.iceandfire.chared_dirt":1,"stat.craftItem.minecraft.iron_sword":1,"stat.pickup.minecraft.boat":1,"stat.walkOneCm":1131133,"stat.useItem.minecraft.chest":10,"stat.pickup.minecraft.stick":14,"stat.pickup.minecraft.diamond_pickaxe":1,"stat.pickup.mowziesmobs.barako_mask":1,"stat.pickup.minecraft.stone":37,"stat.killEntity.if_troll":1,"stat.pickup.minecraft.ender_pearl":1,"stat.killEntity.Skeleton":46,"stat.mineBlock.minecraft.stonebrick":15,"stat.killEntity.Chicken":8,"stat.drop.minecraft.cookie":1,"stat.killEntity.Spider":33,"stat.pickup.minecraft.bread":16,"stat.craftItem.iceandfire.armor_red_boots":1,"stat.mobKills":277,"stat.useItem.minecraft.boat":1,"stat.craftItem.rustic.table_oak":2,"stat.mineBlock.minecraft.leaves":27,"stat.pickup.minecraft.torch":13,"stat.pickup.minecraft.spruce_stairs":1,"stat.craftItem.iceandfire.armor_green_boots":2,"stat.killEntity.firedragon":4,"stat.mineBlock.minecraft.stone":179}