{"stat.useItem.minecraft.bow":166,"stat.useItem.minecraft.quartz_block":5,"stat.pickup.minecraft.wooden_slab":1,"stat.craftItem.iceandfire.armor_bronze_chestplate":1,"stat.pickup.iceandfire.fire_dragon_flesh":62,"stat.mineBlock.iceandfire.chared_grass":1,"stat.leaveGame":26,"stat.drop.iceandfire.armor_green_boots":1,"stat.killEntity.betteranimalsplus.goat":1,"stat.pickup.betteranimalsplus.goose_egg":4,"stat.drop.minecraft.redstone":4,"stat.drop.minecraft.enchanted_book":2,"stat.craftItem.minecraft.shield":4,"stat.mineBlock.minecraft.web":8,"stat.drop.minecraft.feather":1,"stat.drop.minecraft.iron_sword":4,"stat.pickup.minecraft.rotten_flesh":293,"stat.drop.minecraft.redstone_torch":5,"stat.craftItem.minecraft.stone_axe":1,"stat.pickup.iceandfire.witherbone":2,"stat.pickup.iceandfire.chared_cobblestone":60,"stat.pickup.minecraft.bucket":1,"stat.killEntity.Enderman":3,"stat.mineBlock.minecraft.wooden_slab":1,"stat.pickup.minecraft.leather_boots":13,"stat.pickup.betteranimalsplus.turkey_leg_raw":1,"stat.mineBlock.minecraft.emerald_block":21,"stat.killEntity.Witch":3,"stat.useItem.minecraft.iron_pickaxe":2339,"stat.pickup.minecraft.stained_hardened_clay":11,"stat.craftItem.minecraft.wooden_pickaxe":1,"stat.pickup.minecraft.double_plant":4,"stat.craftItem.minecraft.bed":3,"stat.craftItem.minecraft.glass_pane":16,"stat.mineBlock.minecraft.vine":18,"stat.pickup.rustic.wildberries":1,"stat.furnaceInteraction":130,"stat.useItem.minecraft.golden_carrot":22,"stat.drop.minecraft.gravel":41,"stat.killEntity.ZombieVillager":21,"stat.drop.iceandfire.dragonbone":19,"stat.pickup.iceandfire.manuscript":21,"stat.pickup.minecraft.beef":8,"stat.pickup.minecraft.hay_block":449,"stat.pickup.minecraft.leather_helmet":15,"stat.mineBlock.minecraft.stained_hardened_clay":2,"stat.useItem.rustic.wildberries":24,"stat.useItem.minecraft.fence":12,"stat.pickup.minecraft.potion":8,"stat.mineBlock.minecraft.fence":8,"stat.pickup.mowziesmobs.barakoa_mask_rage":2,"stat.useItem.iceandfire.chared_dirt":1,"stat.killEntity.Husk":2,"stat.pickup.rustic.olives":1,"stat.killEntity.betteranimalsplus.zotzpyre":4,"stat.pickup.minecraft.emerald":8,"stat.craftItem.securitycraft.laser_block":1,"stat.pickup.securitycraft.universal_block_reinforcer_lvl1":2,"stat.useItem.minecraft.dye":88,"stat.useItem.minecraft.beef":6,"stat.deaths":79,"stat.pickup.mowziesmobs.barakoa_mask_fury":2,"stat.pickup.minecraft.egg":32,"stat.craftItem.minecraft.iron_pickaxe":10,"stat.pickup.minecraft.glass_pane":12,"stat.drop.minecraft.glass_bottle":10,"stat.drop.minecraft.torch":4,"stat.mineBlock.minecraft.tallgrass":263,"stat.craftItem.minecraft.cooked_mutton":23,"stat.pickup.minecraft.cooked_mutton":85,"stat.chestOpened":530,"stat.killEntity.betteranimalsplus.goose":4,"stat.craftItem.minecraft.sign":3,"stat.useItem.minecraft.stone":242,"stat.pickup.minecraft.arrow":280,"stat.pickup.minecraft.iron_sword":11,"stat.craftItem.betteranimalsplus.fried_egg":12,"stat.craftItem.iceandfire.armor_red_leggings":1,"stat.pickup.minecraft.gold_nugget":1353,"stat.drop.rustic.slate":13,"stat.drop.minecraft.iron_pickaxe":1,"stat.pickup.minecraft.carrot":184,"stat.crouchOneCm":94931,"stat.mineBlock.minecraft.chest":10,"stat.craftItem.minecraft.iron_ingot":98,"stat.pickup.rustic.grape_stem":10,"stat.craftItem.minecraft.hopper":3,"stat.craftingTableInteraction":115,"stat.pickup.iceandfire.silver_ore":9,"stat.pickup.securitycraft.keypad_chest":5,"stat.drop.minecraft.double_plant":2,"stat.mineBlock.minecraft.log2":4,"stat.pickup.minecraft.dye":168,"stat.pickup.minecraft.planks":97,"stat.pickup.minecraft.wheat_seeds":116,"stat.drop.iceandfire.witherbone":1,"stat.pickup.iceandfire.cyclops_eye":1,"stat.pickup.iceandfire.armor_green_helmet":1,"stat.mineBlock.minecraft.dirt":412,"stat.pickup.minecraft.brewing_stand":2,"stat.useItem.minecraft.bread":132,"stat.mineBlock.iceandfire.silver_ore":8,"stat.drop.minecraft.rotten_flesh":23,"stat.useItem.minecraft.cobblestone":1874,"stat.useItem.minecraft.gravel":7,"stat.mineBlock.minecraft.double_plant":10,"stat.craftItem.securitycraft.reinforced_planks":4,"stat.pickup.iceandfire.weezer_blue_album":1,"stat.pickup.minecraft.iron_pickaxe":7,"stat.craftItem.minecraft.gold_ingot":122,"stat.drop.minecraft.sapling":13,"stat.pickup.minecraft.chicken":25,"stat.drop.minecraft.gold_nugget":4,"stat.pickup.minecraft.apple":1,"stat.craftItem.minecraft.bucket":1,"stat.craftItem.minecraft.planks":632,"stat.useItem.minecraft.iron_sword":930,"stat.pickup.iceandfire.dragonegg_red":4,"stat.itemEnchanted":15,"stat.pickup.iceandfire.dragonscales_green":68,"stat.useItem.securitycraft.universal_block_remover":6,"stat.useItem.betteranimalsplus.goose_egg":1,"stat.useItem.minecraft.stonebrick":222,"stat.pickup.minecraft.book":89,"stat.mineBlock.minecraft.log":112,"stat.pickup.iceandfire.dragonbone":157,"stat.drop.minecraft.leather_leggings":1,"stat.pickup.minecraft.iron_door":2,"stat.pickup.minecraft.red_flower":5,"stat.pickup.minecraft.wool":96,"stat.killEntity.betteranimalsplus.badger":1,"stat.cakeSlicesEaten":3,"stat.useItem.minecraft.iron_axe":272,"stat.mineBlock.minecraft.cobblestone":439,"stat.pickup.minecraft.stone_pickaxe":5,"stat.pickup.minecraft.flint":11,"stat.mineBlock.iceandfire.chared_stone":17,"stat.craftItem.tombstone.grave_key":1,"stat.pickup.minecraft.leather_chestplate":9,"stat.pickup.minecraft.enchanted_book":20,"stat.drop.minecraft.cobblestone":62,"stat.useItem.minecraft.cookie":5,"stat.pickup.betteranimalsplus.wolf_pelt_red":2,"stat.useItem.minecraft.stone_slab2":212,"stat.pickup.minecraft.bow":24,"stat.useItem.betteranimalsplus.fried_egg":3,"stat.craftItem.minecraft.furnace":2,"stat.useItem.minecraft.egg":4,"stat.drop.iceandfire.silver_ore":1,"stat.craftItem.minecraft.iron_boots":2,"stat.pickup.iceandfire.chain_link":2,"stat.craftItem.minecraft.cooked_beef":2,"stat.craftItem.minecraft.bow":8,"stat.flyOneCm":4498072,"stat.useItem.iceandfire.chared_stone":65,"stat.pickup.mowziesmobs.glowing_jelly":1,"stat.pickup.rustic.slate":35,"stat.timeSinceDeath":22123,"stat.drop.minecraft.spider_eye":6,"stat.killEntity.Bat":1,"stat.craftItem.minecraft.stonebrick":192,"stat.useItem.minecraft.potato":128,"stat.pickup.minecraft.nether_wart":3,"stat.mineBlock.minecraft.enchanting_table":1,"stat.mineBlock.minecraft.coal_ore":326,"stat.drop.minecraft.wool":1,"stat.killEntity.Creeper":5,"stat.pickup.minecraft.shield":17,"stat.drop.minecraft.baked_potato":3,"stat.pickup.minecraft.string":67,"stat.pickup.tombstone.crafting_ingredient":78,"stat.entityKilledBy.Skeleton":5,"stat.sprintOneCm":3291765,"stat.useItem.minecraft.diamond_shovel":159,"stat.killEntity.betteranimalsplus.pheasant":1,"stat.mineBlock.minecraft.stone_slab":5,"stat.drop.minecraft.leather":3,"stat.mineBlock.minecraft.diamond_ore":10,"stat.pickup.mowziesmobs.barakoa_mask_fear":2,"stat.pickup.minecraft.leather_leggings":18,"stat.pickup.betteranimalsplus.wolf_pelt_arctic":6,"stat.drop.tombstone.grave_key":2,"stat.useItem.minecraft.ladder":24,"stat.pickup.tombstone.grave_key":2,"stat.killEntity.Zombie":277,"stat.craftItem.minecraft.dye":90,"stat.pickup.iceandfire.chared_dirt":54,"stat.mineBlock.minecraft.gold_ore":12,"stat.diveOneCm":203782,"stat.drop.minecraft.diamond_pickaxe":2,"stat.pickup.minecraft.wheat":67,"stat.mineBlock.minecraft.mossy_cobblestone":4,"stat.pickup.securitycraft.reinforced_logs":2,"stat.craftItem.minecraft.ladder":27,"stat.pickup.iceandfire.dragonscales_bronze":168,"stat.pickup.minecraft.sign":1,"stat.mineBlock.minecraft.stone_button":1,"stat.craftItem.iceandfire.armor_green_helmet":2,"stat.useItem.minecraft.chicken":8,"stat.pickup.minecraft.stone_axe":4,"stat.pickup.minecraft.obsidian":30,"stat.useItem.minecraft.rotten_flesh":24,"stat.craftItem.minecraft.diamond_sword":8,"stat.jump":23390,"stat.pickup.minecraft.coal":814,"stat.pickup.minecraft.iron_ingot":54,"stat.pickup.iceandfire.chared_gravel":3,"stat.drop.minecraft.diamond_sword":1,"stat.pickup.minecraft.gunpowder":19,"stat.pickup.iceandfire.chared_stone":213,"stat.craftItem.minecraft.torch":408,"stat.pickup.minecraft.dirt":476,"stat.craftItem.iceandfire.armor_bronze_leggings":1,"stat.pickup.iceandfire.fire_dragon_heart":8,"stat.pickup.minecraft.gold_ore":11,"stat.mineBlock.minecraft.lapis_ore":20,"stat.pickup.minecraft.cookie":1,"stat.pickup.minecraft.iron_axe":1,"stat.pickup.mowziesmobs.painted_acacia":2,"stat.brewingstandInteraction":2,"stat.damageTaken":36963,"stat.craftItem.iceandfire.armor_green_leggings":1,"stat.useItem.minecraft.stone_brick_stairs":21,"stat.mineBlock.minecraft.torch":75,"stat.mineBlock.minecraft.red_flower":2,"stat.pickup.minecraft.magma_cream":3,"stat.pickup.minecraft.log2":7,"stat.pickup.minecraft.bed":16,"stat.killEntity.hippogryph":1,"stat.pickup.minecraft.quartz_block":14,"stat.pickup.minecraft.potato":194,"stat.entityKilledBy.Zombie":2,"stat.pickup.iceandfire.chared_grass":27,"stat.killEntity.Silverfish":1,"stat.craftItem.minecraft.stone_slab":129,"stat.craftItem.securitycraft.universal_block_reinforcer_lvl1":1,"stat.animalsBred":13,"stat.useItem.minecraft.chest":18,"stat.pickup.minecraft.diamond_pickaxe":2,"stat.killEntity.betteranimalsplus.feralwolf":9,"stat.pickup.betteranimalsplus.pheasant_egg":1,"stat.craftItem.minecraft.wheat":509,"stat.pickup.mowziesmobs.barako_mask":3,"stat.craftItem.minecraft.iron_chestplate":1,"stat.pickup.minecraft.baked_potato":4,"stat.killEntity.if_troll":1,"stat.pickup.minecraft.ender_pearl":1,"stat.pickup.minecraft.cooked_beef":1,"stat.useItem.iceandfire.chared_grass":2,"stat.craftItem.minecraft.bookshelf":21,"stat.mineBlock.minecraft.stonebrick":205,"stat.mobKills":645,"stat.mineBlock.minecraft.bookshelf":30,"stat.craftItem.minecraft.shears":1,"stat.pickup.securitycraft.reinforced_stone_button":8,"stat.pickup.minecraft.diamond":28,"stat.pickup.minecraft.beetroot_seeds":20,"stat.pickup.minecraft.torch":149,"stat.drop.minecraft.stone_axe":1,"stat.killEntity.firedragon":5,"stat.drop.minecraft.arrow":3,"stat.drop.iceandfire.chared_cobblestone":5,"stat.useItem.minecraft.string":1,"stat.useItem.iceandfire.fire_dragon_flesh":2,"stat.useItem.minecraft.bookshelf":20,"stat.drop.rustic.grape_stem":3,"stat.drop.minecraft.shield":5,"stat.useItem.minecraft.mutton":24,"stat.drop.minecraft.skull":1,"stat.useItem.minecraft.planks":43,"stat.pickup.minecraft.golden_boots":3,"stat.craftItem.iceandfire.armor_bronze_helmet":1,"stat.pickup.minecraft.porkchop":8,"stat.pickup.minecraft.glass":2,"stat.pickup.rustic.chair_oak":1,"stat.useItem.minecraft.water_bucket":110,"stat.mineBlock.minecraft.stone_brick_stairs":13,"stat.pickup.minecraft.sand":14,"stat.craftItem.minecraft.golden_apple":1,"stat.pickup.iceandfire.troll_leather_forest":22,"stat.pickup.iceandfire.armor_red_chestplate":1,"stat.entityKilledBy.firedragon":49,"stat.pickup.mowziesmobs.barakoa_mask_misery":9,"stat.pickup.minecraft.chainmail_chestplate":6,"stat.mineBlock.minecraft.sand":14,"stat.pickup.iceandfire.ash":2,"stat.pickup.betteranimalsplus.eel_meat_raw":8,"stat.useItem.securitycraft.keypad_chest":1,"stat.hopperInspected":7,"stat.trappedChestTriggered":1,"stat.craftItem.minecraft.golden_carrot":44,"stat.pickup.iceandfire.rotten_egg":1,"stat.pickup.iceandfire.dragon_skull":7,"stat.drop.minecraft.stone_slab":3,"stat.pickup.minecraft.furnace":11,"stat.useItem.minecraft.cooked_mutton":97,"stat.drop.minecraft.stained_hardened_clay":6,"stat.drop.iceandfire.dragonegg_red":1,"stat.pickup.minecraft.iron_chestplate":5,"stat.pickup.minecraft.skull":6,"stat.mineBlock.iceandfire.ash":1,"stat.killEntity.Horse":4,"stat.pickup.minecraft.stone_stairs":6,"stat.craftItem.minecraft.fence_gate":1,"stat.pickup.minecraft.golden_carrot":22,"stat.useItem.minecraft.hopper":1,"stat.mineBlock.minecraft.soul_sand":2,"stat.craftItem.minecraft.heavy_weighted_pressure_plate":1,"stat.mineBlock.minecraft.oak_stairs":1,"stat.playOneMinute":1162067,"stat.drop.minecraft.string":6,"stat.craftItem.securitycraft.keypad_item":1,"stat.drop.minecraft.chest":1,"stat.pickup.minecraft.iron_bars":49,"stat.pickup.rustic.aloe_vera":7,"stat.mineBlock.rustic.slate":22,"stat.craftItem.minecraft.iron_hoe":1,"stat.fallOneCm":644421,"stat.drop.minecraft.stone":15,"stat.craftItem.minecraft.chest":19,"stat.pickup.minecraft.red_mushroom":1,"stat.useItem.minecraft.iron_hoe":69,"stat.pickup.minecraft.feather":37,"stat.drop.minecraft.iron_leggings":3,"stat.drop.minecraft.bone":6,"stat.useItem.minecraft.furnace":2,"stat.pickup.iceandfire.dragonscales_red":76,"stat.pickup.minecraft.iron_leggings":1,"stat.mineBlock.minecraft.gravel":30,"stat.useItem.minecraft.stone_pickaxe":581,"stat.craftItem.minecraft.iron_leggings":2,"stat.pickup.iceandfire.armor_green_chestplate":2,"stat.useItem.minecraft.wool":2,"stat.pickup.minecraft.chainmail_boots":4,"stat.drop.minecraft.stick":2,"stat.drop.minecraft.iron_axe":1,"stat.mineBlock.minecraft.monster_egg":3,"stat.useItem.minecraft.torch":567,"stat.drop.iceandfire.cyclops_eye":1,"stat.drop.minecraft.stone_brick_stairs":1,"stat.pickup.minecraft.crafting_table":15,"stat.useItem.minecraft.log":1,"stat.craftItem.minecraft.crafting_table":8,"stat.mineBlock.minecraft.emerald_ore":2,"stat.pickup.minecraft.redstone_block":2,"stat.pickup.minecraft.log":161,"stat.drop.minecraft.stonebrick":7,"stat.craftItem.minecraft.stone_button":8,"stat.pickup.minecraft.web":9,"stat.pickup.minecraft.chainmail_leggings":4,"stat.pickup.minecraft.sapling":41,"stat.entityKilledBy.Enderman":2,"stat.craftItem.iceandfire.bestiary":1,"stat.drop.minecraft.bow":2,"stat.pickup.minecraft.beetroot":5,"stat.useItem.iceandfire.troll_weapon.column":1,"stat.mineBlock.iceandfire.goldpile":164,"stat.killEntity.WitherSkeleton":1,"stat.craftItem.minecraft.cooked_chicken":14,"stat.craftItem.iceandfire.dragonarmor_gold":1,"stat.sneakTime":33114,"stat.pickup.rustic.chili_pepper_seeds":8,"stat.useItem.minecraft.baked_potato":23,"stat.useItem.minecraft.brewing_stand":1,"stat.pickup.minecraft.stone_slab":10,"stat.pickup.minecraft.chest":15,"stat.craftItem.minecraft.enchanting_table":1,"stat.drop.minecraft.stone_pickaxe":1,"stat.pickup.minecraft.bone":412,"stat.pickup.minecraft.redstone_torch":5,"stat.horseOneCm":494561,"stat.drop.minecraft.mossy_cobblestone":1,"stat.craftItem.minecraft.stone_brick_stairs":16,"stat.mineBlock.mowziesmobs.painted_acacia":2,"stat.useItem.minecraft.diamond_sword":839,"stat.swimOneCm":274136,"stat.climbOneCm":58195,"stat.craftItem.minecraft.gold_block":7,"stat.useItem.minecraft.dirt":185,"stat.useItem.rustic.slate":7,"stat.pickup.minecraft.enchanting_table":1,"stat.pickup.minecraft.anvil":2,"stat.craftItem.minecraft.stone_pickaxe":6,"stat.pickup.minecraft.cobblestone":3426,"stat.pickup.minecraft.gold_block":4,"stat.mineBlock.minecraft.redstone_block":3,"stat.pickup.minecraft.glass_bottle":17,"stat.pickup.minecraft.soul_sand":2,"stat.drop.minecraft.wheat_seeds":7,"stat.useItem.rustic.olives":1,"stat.useItem.minecraft.cooked_beef":4,"stat.pickup.minecraft.golden_pickaxe":1,"stat.pickup.minecraft.redstone":56,"stat.pickup.betteranimalsplus.wolf_pelt_black":7,"stat.mineBlock.minecraft.iron_ore":147,"stat.useItem.minecraft.sign":2,"stat.drop.rustic.chili_pepper_seeds":1,"stat.pickup.minecraft.mutton":59,"stat.pickup.minecraft.mossy_cobblestone":3,"stat.drop.minecraft.coal":6,"stat.drop.minecraft.iron_bars":4,"stat.pickup.minecraft.stonebrick":253,"stat.drop.minecraft.dirt":10,"stat.pickup.minecraft.iron_shovel":1,"stat.pickup.minecraft.carpet":5,"stat.pickup.minecraft.diamond_shovel":4,"stat.craftItem.iceandfire.armor_red_chestplate":1,"stat.craftItem.minecraft.stone_slab2":0,"stat.pickup.iceandfire.armor_green_boots":3,"stat.drop.rustic.tomato_seeds":5,"stat.craftItem.minecraft.stick":268,"stat.drop.minecraft.potion":2,"stat.useItem.minecraft.stone_slab":9,"stat.craftItem.minecraft.gold_nugget":477,"stat.craftItem.minecraft.stone":307,"stat.mineBlock.minecraft.crafting_table":13,"stat.mineBlock.minecraft.quartz_block":23,"stat.useItem.minecraft.diamond_pickaxe":2152,"stat.useItem.minecraft.carrot":106,"stat.entityKilledBy.Creeper":3,"stat.mineBlock.minecraft.planks":39,"stat.drop":222,"stat.pickup.minecraft.stone_button":1,"stat.killEntity.Sheep":62,"stat.useItem.iceandfire.chared_cobblestone":12,"stat.drop.minecraft.iron_boots":2,"stat.craftItem.minecraft.diamond_pickaxe":4,"stat.useItem.iceandfire.rotten_egg":1,"stat.craftItem.securitycraft.universal_block_remover":1,"stat.pickup.minecraft.gravel":126,"stat.drop.minecraft.cooked_beef":1,"stat.mineBlock.minecraft.anvil":1,"stat.useItem.minecraft.porkchop":2,"stat.useItem.minecraft.potion":13,"stat.pickup.minecraft.stone_brick_stairs":22,"stat.pickup.minecraft.diamond_sword":3,"stat.pickup.minecraft.fence":7,"stat.pickup.minecraft.iron_helmet":4,"stat.pickup.iceandfire.troll_weapon.column":1,"stat.useItem.minecraft.stone_axe":28,"stat.craftItem.minecraft.bread":150,"stat.pickup.minecraft.spider_eye":20,"stat.craftItem.minecraft.iron_helmet":2,"stat.useItem.minecraft.stone_button":1,"stat.useItem.minecraft.cooked_chicken":13,"stat.pickup.minecraft.iron_ore":215,"stat.drop.iceandfire.chared_stone":16,"stat.drop.iceandfire.chared_grass":4,"stat.mineBlock.minecraft.iron_bars":46,"stat.pickup.rustic.tomato_seeds":19,"stat.mineBlock.minecraft.stone_stairs":8,"stat.pickup.minecraft.leather":38,"stat.mineBlock.minecraft.furnace":11,"stat.useItem.minecraft.wooden_pickaxe":59,"stat.dispenserInspected":1,"stat.mineBlock.iceandfire.chared_cobblestone":9,"stat.drop.minecraft.water_bucket":1,"stat.pickup.minecraft.reeds":12,"stat.killEntity.CaveSpider":1,"stat.pickup.minecraft.emerald_block":60,"stat.pickup.minecraft.oak_stairs":1,"stat.damageDealt":84193,"stat.drop.minecraft.cooked_chicken":1,"stat.craftItem.minecraft.glass":9,"stat.sleepInBed":16,"stat.craftItem.minecraft.baked_potato":21,"stat.killEntity.Cow":4,"stat.useItem.minecraft.crafting_table":2,"stat.mineBlock.iceandfire.chared_dirt":24,"stat.craftItem.minecraft.iron_sword":18,"stat.walkOneCm":2935194,"stat.playerKills":1,"stat.pickup.minecraft.stick":26,"stat.drop.minecraft.leather_chestplate":1,"stat.pickup.minecraft.stone":545,"stat.mineBlock.minecraft.wool":1,"stat.pickup.betteranimalsplus.pheasantraw":3,"stat.craftItem.minecraft.redstone":9,"stat.pickup.minecraft.gold_ingot":6,"stat.killEntity.Skeleton":95,"stat.killEntity.Chicken":21,"stat.killEntity.Spider":24,"stat.pickup.minecraft.bread":1,"stat.craftItem.iceandfire.armor_red_boots":2,"stat.craftItem.minecraft.fence":48,"stat.pickup.mowziesmobs.barakoa_mask_bliss":3,"stat.pickup.iceandfire.dragonegg_gray":2,"stat.useItem.minecraft.golden_apple":1,"stat.pickup.minecraft.water_bucket":1,"stat.mineBlock.minecraft.leaves":44,"stat.pickup.minecraft.spruce_stairs":1,"stat.mineBlock.minecraft.redstone_ore":7,"stat.craftItem.iceandfire.armor_green_boots":1,"stat.mineBlock.minecraft.hay_block":122,"stat.mineBlock.minecraft.stone":3640}